{"1": {"total": 82.1546, "iter": [8.61319, 8.31156, 8.3182, 8.26668, 8.10658, 8.5705, 8.3769, 7.84888, 7.85322, 7.88839]}, "2": {"total": 46.43876, "iter": [5.00799, 4.50926, 4.88621, 4.72286, 4.72625, 4.52031, 4.5117, 4.52919, 4.50537, 4.51913]}, "4": {"total": 33.3342, "iter": [3.30754, 3.34306, 3.30056, 3.28197, 3.36482, 3.40477, 3.36984, 3.38829, 3.28716, 3.28566]}, "8": {"total": 31.2375, "iter": [3.23314, 3.19777, 3.11669, 3.15398, 3.21934, 3.09268, 3.08258, 3.01625, 3.05156, 3.073]}, "12": {"total": 31.10361, "iter": [3.15692, 3.14939, 2.96268, 3.04379, 3.16653, 3.07205, 3.06171, 3.03817, 3.12293, 3.32892]}, "16": {"total": 35.64502, "iter": [3.62314, 3.8591, 3.83089, 3.48998, 3.36681, 3.62756, 3.40294, 3.51882, 3.55352, 3.37156]}}