{"10000_2": {"total": 2.42684, "iter": [0.25435, 0.24383, 0.24172, 0.24133, 0.24656, 0.2409, 0.24233, 0.23919, 0.23824, 0.2379]}, "10000_5": {"total": 4.14451, "iter": [0.44588, 0.412, 0.41341, 0.409, 0.40878, 0.41076, 0.41294, 0.40967, 0.40973, 0.4118]}, "10000_10": {"total": 7.13579, "iter": [0.75171, 0.71083, 0.71082, 0.69853, 0.70207, 0.702, 0.72046, 0.7126, 0.71256, 0.71368]}, "100000_2": {"total": 27.38821, "iter": [2.5956, 2.56493, 2.54394, 2.52044, 2.60037, 2.79466, 3.08932, 3.09852, 2.86554, 2.71409]}, "100000_5": {"total": 52.46423, "iter": [4.94323, 4.75607, 4.97557, 5.08748, 5.38679, 6.25639, 5.77548, 5.11727, 5.15901, 5.0064]}, "100000_10": {"total": 96.18325, "iter": [8.86292, 9.48697, 9.79565, 10.29299, 9.94415, 9.45785, 9.30775, 10.27629, 9.93722, 8.82086]}, "1000000_2": {"total": 362.06677, "iter": [33.77816, 35.27937, 33.20869, 33.77697, 33.19115, 34.53199, 35.78509, 36.46209, 36.77348, 49.2792]}, "1000000_5": {"total": 631.44109, "iter": [60.1204, 72.34205, 68.17708, 63.56316, 68.14054, 71.48905, 58.28312, 56.09335, 57.86041, 55.37146]}, "1000000_10": {"total": 958.68389, "iter": [102.86643, 99.53613, 92.49583, 88.24232, 96.3298, 94.27156, 104.99167, 94.31197, 93.23842, 92.39929]}}