{"1": {"total": 191.83075, "iter": [20.32792, 19.00179, 19.0823, 19.12323, 18.96239, 19.02613, 19.00907, 19.02315, 19.22586, 19.04844]}, "4": {"total": 68.29929, "iter": [6.45744, 6.66553, 6.75868, 6.97063, 7.03159, 7.0045, 6.9922, 6.86358, 6.79264, 6.76203]}, "8": {"total": 73.43689, "iter": [7.21022, 7.03252, 7.25378, 7.23348, 7.30588, 7.27495, 7.75395, 7.95187, 7.22773, 7.19201]}, "12": {"total": 71.67702, "iter": [7.56812, 7.32313, 7.18902, 7.18957, 7.06201, 7.09719, 7.0626, 7.04585, 7.09559, 7.04342]}, "16": {"total": 71.29754, "iter": [7.39713, 7.26767, 6.99318, 7.04726, 7.04, 7.00117, 7.2023, 7.13626, 7.11683, 7.09523]}}